{
    "model_name": "RandomForest",
    "test_metrics": {
        "rmse": 0.0783,
        "mae": 0.0061,
        "r2_score": 0.9889,
        "within_1_aqi_accuracy": 100.0
    },
    "top_features": {
        "pm2_5": 0.995642237975889,
        "pm2_5_lag_6": 0.0018748073555751065,
        "day": 0.0012919314089465015,
        "hour": 0.0008811036175761152,
        "o3": 0.00011268399900593235,
        "co": 7.232910852415936e-05,
        "city_encoded": 3.407927906345485e-05,
        "pm2_5_lag_3": 3.0253649407223495e-05,
        "no2": 2.9174049670033947e-05,
        "pm10": 1.6205446112864757e-05
    },
    "model_comparison": {
        "RandomForest": {
            "cv_rmse": 0.0712
        },
        "GradientBoosting": {
            "cv_rmse": 0.0763
        },
        "Ridge": {
            "cv_rmse": 0.2822
        }
    }
}